code,lien
code351,https://lc.cx/1aHxj8
code352,https://lc.cx/e7ZgTD
code353,https://lc.cx/hCXDvF
code354,https://lc.cx/QKBnFY
code355,https://www.libyaakhbar.com/libya-news/2264951.html
code356,https://www.libyaakhbar.com/libya-news/2264967.html
code357,https://lc.cx/ocJ09X
code358,https://en.yna.co.kr/view/AEN20231113001700320
code359,https://lc.cx/tQC5Co
code360,https://northernag.net/usda-to-allow-importation-of-fresh-beef-from-paraguay/
code361,https://lc.cx/hk5M2X
code362,https://wahis.woah.org/#/in-review/5330
code363,https://le12.ma/article/491984/
code364,https://lc.cx/aPDnyR
code365,https://lc.cx/2KesIK
code366,https://lc.cx/5ghtOY
code367,https://lc.cx/EtUrFI
code368,https://lc.cx/kV4YXh
code369,https://lc.cx/oU-jKv
code370,https://lc.cx/lDV0Sa
code371,https://lc.cx/OQvKvu
code372,https://lc.cx/9ONz9z
code373,https://lc.cx/5gxVdu
code374,https://www.youtube.com/watch?v=LEvEF_3fHMM
code375,https://lc.cx/ir9RjO
code376,https://gate.ahram.org.eg/News/4620754.aspx
code377,https://lc.cx/wVqO-W
code378,https://lc.cx/twNYQG
code379,https://agriculture.gouv.fr/mhe-la-maladie-hemorragique-epizootique
code380,https://lc.cx/H6WPCS
code381,https://lc.cx/EBKXG7
code382,https://lc.cx/rS6-U-
code383,https://lc.cx/vksaMe
code384,https://lc.cx/8yZ0Lm
code385,https://lc.cx/m-PbuB
code386,https://lc.cx/WuAq_L
code387,https://lc.cx/TmgFRT
code388,https://lc.cx/TzTdQG
code389,https://lc.cx/65No_f
code390,https://lc.cx/r9Z0Bo
code391,https://lc.cx/XhXuVu
code392,https://lc.cx/yJy5oq
code393,https://lc.cx/CB4Epe
code394,https://lc.cx/tqFD2m
code395,https://lc.cx/2SOsrr
code396,https://www.pna.gov.ph/articles/1214100
code397,https://lc.cx/xjEIgI
code398,https://www.wdbj7.com/2023/11/17/rabid-skunk-diagnosed-danville/
code399,https://www.miragenews.com/marmoset-rabies-virus-variants-discovered-in-1125373/
code400,https://www.wtoc.com/2023/11/15/bat-tests-positive-rabies-midtown-savannah/